time10,lat10,lng10,accuracy10,altitude10,strenght10
886,12.9227157,77.6857435,10,796,26
1936,12.9226552,77.68575,9,801,26
3007,12.9226595,77.6858425,25,824,26
3985,12.9227024,77.6858678,19,837,21
4986,12.9227208,77.6858854,17,843,27
5987,12.9227309,77.6859204,15,844,50
6986,12.9227369,77.6859353,14,846,50
7985,12.9227434,77.6859634,12,848,50
8986,12.9227561,77.6859845,11,849,50
10035,12.9227579,77.6859254,10,845,50
11036,12.9227343,77.685829,7,832,50
12036,12.9227307,77.6858099,7,829,50
13036,12.9227253,77.6857953,6,825,50
14037,12.9227245,77.6857847,6,826,21
15086,12.9227223,77.6857712,6,825,16
16085,12.9227234,77.6857652,6,826,16
17086,12.9227275,77.6857611,5,827,15
18135,12.9227332,77.6857546,5,826,18
19185,12.9227392,77.6857512,5,827,12
20185,12.9227437,77.6857517,5,827,19
21186,12.9227475,77.6857499,5,827,29
22235,12.9227468,77.6857484,6,826,29
23236,12.9227449,77.6857432,6,825,24
24236,12.9227433,77.6857387,5,824,20
25236,12.922741,77.6857337,5,823,20
26285,12.9227397,77.6857222,4,822,20
27302,12.9227395,77.6857175,4,822,17
28286,12.9227373,77.6857129,5,822,17
29336,12.9227377,77.6857112,5,823,21
30336,12.9227394,77.6857104,5,823,18
31387,12.9227396,77.6857121,5,823,23
32436,12.922737,77.6857119,5,822,22
33436,12.9227347,77.6857129,5,821,18
34485,12.9227313,77.6857133,5,822,16
35500,12.9227307,77.6857146,5,822,14
36535,12.9227324,77.6857157,5,822,14
37535,12.9227325,77.6857159,5,822,14
38536,12.9227318,77.6857171,5,822,14
39537,12.9227315,77.6857193,5,821,14
40536,12.9227351,77.6857223,6,820,14
41586,12.9227389,77.6857247,5,820,14
42635,12.9227419,77.6857259,5,819,14
43636,12.922742,77.6857242,5,818,14
44635,12.9227413,77.6857176,5,818,32
45636,12.922742,77.6857152,4,817,32
46635,12.9227418,77.6857146,4,817,32
47636,12.9227346,77.6857108,4,816,32
48686,12.9227296,77.6857124,4,816,32
49686,12.9227229,77.6857107,4,815,32
50735,12.9227213,77.6857105,4,815,32
51735,12.9227186,77.6857102,4,815,32
52736,12.9227173,77.685709,5,814,32
53736,12.9227148,77.6857073,4,812,32
54735,12.9227121,77.685705,4,812,32
55736,12.9227074,77.6857034,4,812,32
56786,12.9226998,77.6857052,4,812,32
57836,12.9226968,77.6857055,4,811,32
58886,12.9226958,77.6857051,4,812,32
59935,12.9226944,77.6857044,3,811,32
60936,12.9226921,77.6857043,3,811,32
61987,12.9226943,77.6857013,4,811,11
62987,12.922695,77.6856991,3,811,11
63989,12.9226918,77.6856985,3,810,11
64988,12.9226893,77.6856976,3,810,11
65988,12.9226849,77.6856973,3,809,11
66988,12.9226819,77.6856972,3,809,11
68019,12.9226761,77.6856957,3,810,11
69038,12.9226727,77.685693,3,810,11
70037,12.922671,77.6856911,3,810,11
71038,12.9226686,77.6856917,3,810,11
72117,12.9226605,77.6856869,3,805,11
73088,12.9226501,77.6856771,3,805,13
74088,12.9226417,77.6856735,3,804,13
75138,12.9226346,77.6856728,3,802,13
76166,12.9226277,77.6856689,3,801,13
77137,12.9226234,77.6856662,3,801,13
78138,12.9226191,77.6856654,3,801,13
79138,12.9226173,77.6856643,3,800,13
80140,12.9226151,77.6856637,3,801,13
81139,12.9226134,77.6856626,4,801,13
82139,12.9226096,77.6856624,4,799,13
83185,12.9226016,77.6856654,4,799,45
84185,12.9225976,77.6856675,4,799,45
85185,12.9225914,77.6856723,4,798,45
86237,12.9225847,77.6856759,3,798,45
87235,12.9225802,77.685677,3,798,45
88251,12.9225783,77.6856774,3,799,45
89235,12.9225746,77.6856768,3,798,45
90235,12.9225738,77.6856757,3,798,35
91235,12.9225713,77.6856692,3,797,35
92235,12.9225682,77.685664,3,796,35
93235,12.9225666,77.6856614,3,797,35
94236,12.9225651,77.6856609,3,797,35
95237,12.9225617,77.6856608,3,797,35
96236,12.9225604,77.6856614,3,797,35
97235,12.9225573,77.6856596,3,797,35
98236,12.9225541,77.6856566,3,797,35
99236,12.9225535,77.6856584,3,797,35
100263,12.9225544,77.685663,3,797,35
101235,12.9225537,77.6856667,3,797,35
102236,12.9225529,77.6856667,3,797,35
103234,12.9225525,77.6856647,3,797,35
104235,12.9225513,77.6856641,3,797,35
105235,12.9225509,77.6856648,3,797,35
106235,12.922551,77.6856656,3,797,35
107235,12.922551,77.6856666,3,797,35
108235,12.9225512,77.6856672,3,797,35
109235,12.9225513,77.6856683,3,797,35
110236,12.9225515,77.6856677,3,797,35
111235,12.922551,77.6856676,3,797,35
112238,12.9225496,77.6856664,3,798,35
113235,12.9225466,77.6856644,3,798,35
114237,12.9225419,77.6856607,3,797,35
115235,12.9225387,77.6856566,3,797,35
116251,12.9225376,77.6856536,3,798,35
117234,12.9225394,77.6856521,3,798,35
118235,12.9225412,77.6856507,3,798,15
119236,12.9225423,77.6856503,3,798,15
120251,12.9225434,77.6856505,3,798,15
121235,12.9225457,77.6856492,3,798,15
122286,12.9225456,77.6856481,3,798,15
123337,12.9225466,77.6856498,3,798,15
124335,12.9225473,77.6856512,3,799,15
125386,12.922548,77.6856514,3,799,15
126385,12.9225483,77.6856518,3,799,15
127385,12.9225505,77.6856514,3,800,15
128435,12.9225523,77.6856508,3,800,15
129437,12.9225536,77.6856517,3,800,15
130436,12.922555,77.6856526,3,800,15
131437,12.9225564,77.6856536,3,801,15
132465,12.9225572,77.6856531,3,800,15
133435,12.9225579,77.6856517,3,801,15
134435,12.9225581,77.6856507,3,801,15
135436,12.9225578,77.6856501,3,801,15
136435,12.9225572,77.68565,3,800,15
137436,12.9225568,77.6856499,3,801,15
138485,12.9225565,77.6856501,3,801,15
139485,12.9225565,77.6856503,3,801,15
140485,12.9225565,77.6856504,3,801,15
141486,12.9225565,77.6856505,3,801,15
142536,12.9225565,77.6856506,3,801,15
143537,12.9225565,77.6856506,3,801,15
144586,12.9225565,77.6856506,3,801,15
145585,12.9225565,77.6856506,3,801,15
146585,12.9225565,77.6856506,3,801,15
147587,12.9225565,77.6856505,3,801,15
148636,12.9225565,77.6856505,3,801,15
149635,12.9225565,77.6856505,3,801,15
150637,12.9225565,77.6856504,3,801,15
151636,12.9225565,77.6856504,3,801,26
152636,12.9225565,77.6856504,3,801,26
153685,12.9225564,77.6856503,3,801,26
154686,12.9225564,77.6856503,3,801,21
155687,12.9225563,77.6856503,3,801,27
156704,12.9225563,77.6856503,3,801,50
157686,12.9225563,77.6856502,3,801,50
158686,12.9225562,77.6856502,3,801,50
159688,12.9225561,77.6856502,3,801,50
160754,12.9225561,77.6856503,3,801,50
161785,12.9225561,77.6856503,3,801,50
162786,12.922556,77.6856503,3,801,50
163787,12.922556,77.6856503,3,801,50
164862,12.922556,77.6856503,3,801,21
165835,12.922556,77.6856503,3,800,16
166835,12.922556,77.6856503,3,800,16
167837,12.922556,77.6856503,3,800,15
168887,12.9225561,77.6856503,3,800,18
169886,12.9225561,77.6856503,3,800,12
170886,12.922556,77.6856503,3,800,19
171887,12.9225561,77.6856503,3,800,29
172904,12.9225561,77.6856503,3,801,29
173886,12.9225561,77.6856503,3,801,24
174886,12.9225561,77.6856503,3,801,20
175936,12.9225561,77.6856503,3,801,20
176987,12.9225561,77.6856503,3,801,20
178035,12.9225562,77.6856503,3,801,17
179035,12.9225562,77.6856503,3,801,17
180035,12.9225562,77.6856503,3,801,21
181035,12.9225562,77.6856503,3,801,18
182035,12.9225562,77.6856502,3,801,23
183086,12.9225562,77.6856502,3,800,22
184086,12.9225562,77.6856502,3,800,18
185106,12.9225562,77.6856503,3,800,16
186086,12.9225562,77.6856502,3,801,14
187086,12.9225562,77.6856502,3,801,14
188086,12.9225562,77.6856502,3,801,14
189085,12.9225561,77.6856502,3,801,14
190085,12.9225561,77.6856502,3,801,14
191087,12.922556,77.6856502,3,801,14
192085,12.922556,77.6856502,3,801,14
193085,12.922556,77.6856501,3,801,14
194085,12.922556,77.6856501,3,801,14
195087,12.922556,77.6856501,3,801,32
196090,12.922556,77.68565,3,801,32
197092,12.922556,77.68565,3,801,32
198136,12.922556,77.68565,3,801,32
199140,12.9225559,77.68565,3,801,32
200189,12.9225559,77.6856499,3,801,32
201239,12.9225559,77.6856499,3,801,32
202240,12.9225559,77.6856499,3,799,32
203235,12.9225559,77.6856499,3,800,32
204242,12.9225559,77.6856499,3,800,32
205241,12.9225559,77.6856498,3,800,32
206242,12.9225559,77.6856499,3,800,32
207241,12.9225559,77.6856499,3,800,32
208287,12.9225559,77.6856498,3,800,32
209340,12.9225559,77.6856498,3,800,32
210293,12.9225559,77.6856498,3,800,32
211290,12.9225559,77.6856498,3,801,32
212341,12.9225558,77.6856497,3,801,11
213431,12.9225558,77.6856497,3,800,11
214385,12.9225558,77.6856497,3,800,11
215391,12.9225558,77.6856497,3,800,11
216390,12.9225558,77.6856497,3,800,11
217442,12.9225558,77.6856497,3,800,11
218491,12.9225557,77.6856497,3,800,11
219491,12.9225557,77.6856497,4,800,11
220488,12.9225557,77.6856496,4,800,11
221540,12.9225556,77.6856496,4,800,11
222540,12.9225556,77.6856496,4,801,11
223542,12.9225556,77.6856496,3,800,13
224542,12.9225556,77.6856496,3,800,13
225590,12.9225556,77.6856496,3,800,13
226589,12.9225556,77.6856496,3,800,13
227589,12.9225557,77.6856496,3,800,13
228595,12.9225556,77.6856496,3,800,13
229591,12.9225556,77.6856496,3,800,13
230590,12.9225556,77.6856496,3,800,13
231642,12.9225556,77.6856496,3,800,13
232639,12.9225556,77.6856495,3,800,13
233645,12.9225556,77.6856495,3,800,45
234687,12.9225556,77.6856495,3,800,45
235738,12.9225556,77.6856495,3,800,45
236740,12.9225556,77.6856495,3,800,45
237789,12.9225556,77.6856494,3,799,45
238791,12.9225556,77.6856494,3,800,45
239792,12.9225556,77.6856494,3,800,45
240840,12.9225555,77.6856494,3,800,35
241927,12.9225555,77.6856494,3,800,35
242890,12.9225555,77.6856494,3,800,35
243940,12.9225555,77.6856494,3,800,35
244939,12.9225555,77.6856493,3,800,35
245940,12.9225555,77.6856493,3,800,35
246991,12.9225555,77.6856493,3,801,35
247990,12.9225555,77.6856493,3,801,35
248992,12.9225555,77.6856493,3,801,35
250080,12.9225555,77.6856492,3,801,35
251089,12.9225555,77.6856492,3,801,35
252140,12.9225555,77.6856492,3,801,35
253139,12.9225554,77.6856492,3,801,35
254137,12.9225554,77.6856492,3,801,35
255138,12.9225554,77.6856492,3,801,35
256135,12.9225554,77.6856492,3,801,35
257135,12.9225554,77.6856492,3,801,35
258135,12.9225553,77.6856492,3,801,35
259135,12.9225553,77.6856492,3,801,35
260137,12.9225553,77.6856491,3,801,35
261136,12.9225553,77.6856491,3,801,35
262135,12.9225553,77.6856491,3,801,35
263137,12.9225553,77.6856491,3,801,35
264186,12.9225553,77.6856491,3,801,35
265235,12.9225553,77.685649,3,801,35
266236,12.9225553,77.685649,3,801,35
267236,12.9225553,77.6856489,3,801,35
268235,12.9225552,77.6856489,3,801,35
269236,12.9225552,77.6856488,3,801,15
270260,12.9225551,77.6856488,3,801,15
271237,12.9225551,77.6856488,3,801,15
272286,12.9225551,77.6856487,3,801,15
273285,12.9225551,77.6856487,3,801,15
274309,12.9225551,77.6856486,3,801,15
275335,12.9225551,77.6856486,3,801,15
276336,12.9225551,77.6856486,3,801,15
277335,12.9225551,77.6856485,3,801,15
278356,12.9225551,77.6856485,3,801,15
279386,12.9225551,77.6856485,3,801,15
280436,12.9225551,77.6856485,3,801,15
281486,12.9225551,77.6856485,3,801,15
282485,12.9225551,77.6856484,3,801,15
283488,12.9225551,77.6856484,3,801,15
284536,12.9225551,77.6856484,3,801,15
285535,12.9225551,77.6856483,3,801,15
286536,12.9225551,77.6856483,3,801,15
287536,12.9225551,77.6856483,3,801,15
288536,12.922555,77.6856483,3,801,15
289535,12.922555,77.6856482,3,801,15
290536,12.9225551,77.6856482,3,801,15
291535,12.9225551,77.6856482,3,801,15
292536,12.9225548,77.6856483,3,800,15
293586,12.9225535,77.6856455,3,800,15
294585,12.9225599,77.6856416,3,798,15
295587,12.9225627,77.6856412,4,798,15
296586,12.9225658,77.6856435,4,798,15
297587,12.9225723,77.6856484,4,799,15
298637,12.9225794,77.6856562,4,799,15
299635,12.9225784,77.6856593,4,800,15
300636,12.9225817,77.6856622,4,799,15
301685,12.9225914,77.6856667,4,798,15
302686,12.9226039,77.6856691,4,798,26
303685,12.9226159,77.6856725,4,798,26
304685,12.9226282,77.6856788,4,798,26
305686,12.9226408,77.6856852,4,797,21
306707,12.9226532,77.685692,4,798,27
307687,12.9226669,77.6857008,4,797,50
308686,12.9226805,77.6857099,4,797,50
309686,12.922693,77.6857159,4,797,50
310686,12.9227022,77.6857175,3,796,50
311685,12.9227085,77.6857163,4,796,50
312734,12.9227189,77.6857138,4,796,50
313737,12.9227318,77.6857114,4,796,50
314740,12.922743,77.6857132,4,796,50
315788,12.9227523,77.6857155,4,796,21
316788,12.9227586,77.6857195,4,796,16
317789,12.9227688,77.6857245,4,796,16
318816,12.9227817,77.6857284,3,796,15
319838,12.9227922,77.6857276,3,794,18
320838,12.9228034,77.6857275,3,795,12
321837,12.9228105,77.6857267,3,795,19
322838,12.9228172,77.6857229,3,795,29
323838,12.9228235,77.6857211,3,795,29
324889,12.9228285,77.6857225,3,795,24
325891,12.9228343,77.6857272,3,795,20
326919,12.9228395,77.6857325,3,796,20
327889,12.9228455,77.6857346,3,796,20
328887,12.9228522,77.6857349,3,796,17
329888,12.9228616,77.6857361,3,796,17
330889,12.9228731,77.6857391,3,796,21
331940,12.9228856,77.6857418,3,796,18
332938,12.9228989,77.6857434,3,796,23
333938,12.9229117,77.6857481,3,797,22
334967,12.9229249,77.6857528,3,796,18
335938,12.9229352,77.6857576,4,796,16
336938,12.9229453,77.6857641,4,796,14
337937,12.9229577,77.685768,4,796,14
338937,12.9229712,77.6857725,4,796,14
339938,12.9229832,77.685776,4,796,14
340938,12.9229935,77.685778,4,796,14
341938,12.9230056,77.6857752,4,796,14
342989,12.9230186,77.6857713,4,795,14
343989,12.9230296,77.6857702,4,795,14
344989,12.9230417,77.6857701,4,795,14
346037,12.9230566,77.6857751,4,794,32
347066,12.9230745,77.6857882,4,795,32
348038,12.9230941,77.6858037,3,795,32
349087,12.923113,77.685816,3,796,32
350088,12.9231374,77.6858231,3,796,32
351088,12.9231623,77.6858285,3,796,32
352087,12.9231851,77.6858367,3,797,32
353088,12.9232057,77.6858427,3,798,32
354088,12.9232216,77.6858468,3,799,32
355089,12.9232354,77.6858485,3,799,32
356138,12.9232479,77.6858508,3,799,32
357140,12.9232599,77.6858532,3,799,32
358139,12.9232724,77.6858565,3,799,32
359221,12.9232844,77.6858589,3,799,32
360189,12.9232948,77.6858601,3,800,32
361189,12.9233097,77.6858576,3,800,32
362188,12.9233235,77.6858537,3,800,32
363190,12.9233344,77.6858491,3,800,11
364239,12.9233412,77.6858466,4,800,11
365288,12.9233483,77.6858497,3,800,11
366289,12.9233555,77.6858521,3,801,11
367339,12.9233626,77.685853,3,800,11
368339,12.923374,77.6858525,3,799,11
369338,12.9233873,77.6858513,3,799,11
370338,12.923398,77.6858535,3,799,11
371391,12.9234078,77.6858579,3,799,11
372388,12.9234153,77.6858607,3,799,11
373389,12.9234092,77.6858636,3,799,11
374437,12.9234164,77.6858677,3,799,13
375464,12.9234267,77.6858684,3,797,13
376437,12.9234351,77.6858688,4,798,13
377438,12.9234413,77.6858688,4,797,13
378439,12.9234477,77.6858669,4,796,13
379439,12.9234565,77.685865,4,797,13
380487,12.9234697,77.685861,4,796,13
381488,12.9234837,77.6858591,4,796,13
382488,12.9234979,77.6858641,4,796,13
383538,12.9235099,77.6858648,4,796,13
384538,12.92352,77.6858666,4,795,45
385538,12.9235341,77.6858661,5,795,45
386538,12.923552,77.6858684,5,796,45
387538,12.9235654,77.6858688,4,796,45
388539,12.9235784,77.6858718,4,795,45
389538,12.9235873,77.6858786,4,797,45
390588,12.9235942,77.6858838,4,798,45
391587,12.9236029,77.6858877,4,798,35
392588,12.9236126,77.6858918,4,799,35
393637,12.923633,77.6858893,4,797,35
394638,12.9236441,77.6858881,3,797,35
395640,12.9236535,77.6858888,3,796,35
396688,12.923666,77.6858901,4,796,35
397687,12.9236833,77.6858923,4,795,35
398686,12.9237019,77.6858945,4,795,35
399688,12.9237187,77.6858967,4,796,35
400688,12.9237335,77.6859,4,797,35
401687,12.9237471,77.6859045,4,797,35
402688,12.923756,77.6859093,4,798,35
403689,12.9237622,77.6859133,4,799,35
404737,12.9237653,77.6859175,5,798,35
405738,12.9237666,77.6859149,5,797,35
406737,12.9237695,77.6859131,5,797,35
407766,12.9237785,77.6859097,4,796,35
408739,12.9237894,77.6859051,4,796,35
409737,12.9238011,77.6859003,4,795,35
410789,12.9238131,77.6858978,4,796,35
411820,12.9238251,77.6858958,4,797,35
412838,12.9238366,77.6858908,4,797,35
413840,12.9238489,77.6858876,4,797,35
414837,12.923858,77.685879,4,795,35
415870,12.9238618,77.6858732,4,795,35
416890,12.9238672,77.6858695,4,795,35
417893,12.9238784,77.6858674,4,797,35
418887,12.9238911,77.6858676,4,796,35
419888,12.9239038,77.6858687,4,796,15
420889,12.9239133,77.6858701,4,797,15
421888,12.923922,77.6858714,4,797,15
422889,12.9239356,77.6858725,4,797,15
423968,12.9239524,77.6858746,4,796,15
424989,12.9239649,77.6858772,4,796,15
426038,12.9239724,77.685877,4,796,15
427038,12.9239782,77.6858767,4,796,15
428070,12.9239867,77.6858755,4,796,15
429037,12.9239982,77.6858745,4,795,15
430038,12.9240116,77.6858747,4,795,15
431038,12.9240254,77.6858743,4,796,15
432038,12.9240398,77.6858721,4,797,15
433038,12.9240542,77.6858683,4,796,15
434088,12.924069,77.6858667,4,796,15
435138,12.9240858,77.6858691,4,796,15
436139,12.9241015,77.685877,4,796,15
437194,12.9241139,77.6858826,4,797,15
438188,12.9241221,77.6858845,4,797,15
439188,12.9241296,77.6858829,4,797,15
440238,12.9241368,77.6858794,4,797,15
441238,12.9241429,77.6858769,3,797,15
442238,12.9241561,77.6858771,3,797,15
443287,12.9241686,77.6858772,3,798,15
444288,12.9241773,77.6858776,4,797,15
445338,12.9241895,77.685881,4,798,15
446337,12.9242042,77.6858879,4,799,15
447337,12.9242218,77.6858956,4,799,15
448338,12.9242394,77.6859028,5,799,15
449338,12.9242533,77.6859053,5,799,15
450338,12.9242652,77.685905,5,798,15
451389,12.9242722,77.6859036,5,798,15
452389,12.9242766,77.6859006,5,798,15
453388,12.9242824,77.6858969,6,797,26
454388,12.9242899,77.685892,7,796,26
455437,12.9242991,77.6858901,6,797,26
456440,12.9243152,77.685894,5,797,21
457439,12.9243311,77.6858982,5,797,27
458437,12.9243395,77.6858999,5,796,50
459438,12.924346,77.6858997,6,796,50
460439,12.9243599,77.6859008,5,795,50
461488,12.924376,77.6858989,5,796,50
462538,12.9243868,77.685896,5,796,50
463537,12.9244,77.6858919,5,797,50
464568,12.9244116,77.6858914,4,797,50
465538,12.9244218,77.6858948,5,797,50
466538,12.9244317,77.6858933,5,798,21
467537,12.9244395,77.6858895,10,797,16
468569,12.9244438,77.6858847,10,798,16
469549,12.9244474,77.6858818,5,798,15
470539,12.9244533,77.6858793,5,797,18
471538,12.9244623,77.6858771,4,797,12
472620,12.9244714,77.6858764,4,797,19
473589,12.92448,77.6858766,4,797,29
474589,12.9244933,77.6858774,4,798,29
475638,12.9245245,77.6858742,4,798,24
476637,12.9245374,77.6858733,4,799,20
477638,12.92455,77.6858726,5,799,20
478639,12.924565,77.6858741,4,800,20
479637,12.9245822,77.685879,4,799,17
480666,12.9245972,77.6858832,4,800,17
481637,12.9246073,77.685886,4,800,21
482637,12.924618,77.6858903,4,800,18
483637,12.9246303,77.6858931,4,800,23
484639,12.9246392,77.685894,4,799,22
485689,12.9246479,77.6858942,4,799,18
486688,12.9246599,77.6858961,3,799,16
487685,12.9246767,77.6858996,3,798,14
488688,12.9246923,77.6859,3,799,14
489686,12.9247046,77.6858973,3,800,14
490687,12.9247123,77.6858933,3,799,14
491688,12.9247196,77.6858891,3,798,14
492717,12.9247292,77.6858864,3,798,14
493686,12.9247391,77.6858847,3,798,14
494738,12.9247499,77.685883,3,798,14
495738,12.9247633,77.6858829,3,798,14
496819,12.924777,77.6858842,3,799,32
497839,12.924788,77.6858854,3,798,32
498838,12.9247978,77.6858861,3,798,32
499840,12.9248075,77.6858855,3,798,32
500839,12.9248173,77.6858853,3,799,32
501839,12.9248285,77.6858844,3,799,32
502838,12.9248421,77.6858852,3,798,32
503838,12.9248546,77.6858858,3,798,32
504839,12.9248644,77.685886,3,798,32
505888,12.9248717,77.6858863,3,798,32
506938,12.9248792,77.6858889,3,798,32
507937,12.92489,77.6858941,3,797,32
508965,12.9249029,77.6858996,3,797,32
509939,12.9249127,77.6859032,3,797,32
510939,12.9249235,77.6859046,4,797,32
511989,12.9249347,77.6859028,3,798,32
512988,12.9249467,77.6859015,3,798,32
513990,12.9249579,77.6859002,3,798,11
515038,12.9249686,77.6858993,3,798,11
516037,12.9249799,77.6858988,3,799,11
517038,12.9249924,77.6858986,3,799,11
518038,12.925007,77.6858979,3,798,11
519038,12.9250223,77.6858983,3,798,11
520038,12.925035,77.6858982,4,799,11
521064,12.9250472,77.6858972,4,799,11
522039,12.9250608,77.6858954,4,800,11
523037,12.9250749,77.6858916,3,800,11
524035,12.9250919,77.6858881,3,801,11
525088,12.9251079,77.6858851,3,801,13
526087,12.9251178,77.6858823,3,801,13
527087,12.9251233,77.6858781,3,801,13
528085,12.9251284,77.6858725,3,802,13
529115,12.9251357,77.685869,3,803,13
530134,12.925142,77.6858679,3,804,13
531135,12.9251466,77.6858689,3,803,13
532135,12.9251524,77.6858686,3,803,13
533203,12.9251582,77.6858711,3,803,13
534185,12.9251676,77.6858729,3,803,13
535187,12.9251808,77.685873,3,802,45
536185,12.9251918,77.6858736,3,802,45
537235,12.9251976,77.6858754,3,802,45
538239,12.9252007,77.6858807,3,802,45
539238,12.9252058,77.6858855,3,802,45
540240,12.9252089,77.6858877,3,802,45
541238,12.9252145,77.6858874,3,801,45
542240,12.9252239,77.6858886,3,801,35
543242,12.925231,77.6858892,3,801,35
544289,12.9252383,77.6858893,3,799,35
545366,12.9252516,77.6858888,3,799,35
546338,12.925265,77.6858882,3,800,35
547338,12.9252771,77.6858875,3,800,35
548338,12.9252911,77.6858835,3,800,35
549389,12.9253029,77.6858808,3,800,35
550389,12.9253136,77.6858787,3,800,35
551437,12.9253271,77.6858742,3,800,35
552438,12.9253415,77.6858709,3,801,35
553516,12.9253559,77.6858701,3,801,35
554537,12.9253688,77.6858705,3,801,35
555538,12.9253798,77.685872,3,803,35
556538,12.9253925,77.6858711,3,803,35
557567,12.9254068,77.6858678,3,803,35
558588,12.9254198,77.6858631,3,803,35
559588,12.9254318,77.6858593,3,803,35
560588,12.9254432,77.6858575,3,803,35
561666,12.925466,77.6858526,3,803,35
562635,12.9254796,77.6858486,3,803,35
563637,12.9254892,77.6858461,3,803,35
564637,12.9254949,77.6858465,3,804,35
565637,12.9255003,77.6858474,3,803,35
566639,12.9255063,77.6858472,3,803,35
567638,12.9255156,77.6858503,3,804,35
568687,12.9255288,77.6858531,3,805,35
569685,12.9255427,77.6858554,3,805,35
570687,12.9255552,77.6858548,3,805,15
571687,12.9255673,77.6858515,3,806,15
572688,12.9255814,77.6858484,3,807,15
573690,12.9255933,77.6858478,3,808,15
574689,12.9256055,77.6858498,3,808,15
575689,12.9256193,77.6858523,3,808,15
576737,12.9256336,77.6858533,3,808,15
577738,12.9256466,77.6858541,3,808,15
578738,12.9256558,77.6858538,3,808,15
579788,12.9256647,77.6858527,3,808,15
580789,12.9256709,77.6858501,3,808,15
581869,12.9256776,77.6858483,3,808,15
582837,12.9256912,77.685847,3,808,15
583838,12.9257046,77.685846,3,808,15
584838,12.925718,77.6858432,3,808,15
585870,12.9257333,77.6858404,3,809,15
586838,12.9257453,77.685838,3,809,15
587838,12.9257555,77.6858354,3,809,15
588888,12.9257636,77.6858334,3,809,15
589921,12.9257712,77.6858321,3,810,15
590940,12.9257807,77.6858315,3,809,15
591939,12.9257899,77.6858301,3,809,15
592938,12.9257972,77.6858299,3,809,15
593988,12.9258041,77.6858308,3,810,15
594989,12.9258179,77.6858269,3,810,15
595989,12.9258325,77.6858233,3,809,15
597039,12.9258479,77.6858207,3,810,15
598038,12.9258632,77.685819,3,810,15
599038,12.9258733,77.6858171,3,810,15
600038,12.9258807,77.6858123,3,808,15
601038,12.9258917,77.6858046,3,807,15
602039,12.9258987,77.6857947,3,805,15
603089,12.9259037,77.6857856,3,804,15
604140,12.9259129,77.6857759,3,805,26
605137,12.9259246,77.6857654,3,805,26
606137,12.9259373,77.6857575,3,806,26
607138,12.9259526,77.6857559,3,806,21
608140,12.9259672,77.6857575,3,806,27
609138,12.9259798,77.6857593,3,806,50
610167,12.9259948,77.6857593,3,806,50
611139,12.9260077,77.685757,3,806,50
612137,12.9260184,77.6857558,3,807,50
613137,12.9260255,77.6857525,3,806,50
614138,12.9260341,77.6857476,3,806,50
615138,12.9260458,77.6857402,3,805,50
616137,12.9260574,77.6857335,3,805,50
617138,12.9260679,77.6857281,3,805,21
618187,12.9260812,77.6857254,4,806,16
619189,12.9260943,77.6857266,4,805,16
620189,12.9261065,77.6857305,4,805,15
621189,12.9261177,77.6857327,5,805,18
622265,12.9261263,77.6857337,5,804,12
623239,12.9261314,77.685737,5,804,19
624239,12.926138,77.6857391,4,805,29
625238,12.9261456,77.6857375,4,804,29
626239,12.9261547,77.6857333,4,804,24
627288,12.9261643,77.685729,5,804,20
628292,12.9261745,77.6857266,4,804,20
629287,12.9261834,77.6857281,5,804,20
630290,12.9261941,77.6857316,4,804,17
631285,12.9262048,77.6857338,4,804,17
632289,12.9262161,77.6857346,5,805,21
633338,12.9262296,77.6857362,5,806,18
634339,12.9262449,77.6857368,5,806,23
635341,12.9262552,77.6857418,4,806,22
636385,12.9262659,77.6857482,4,807,18
637386,12.9262783,77.6857533,4,806,16
638385,12.926288,77.6857568,3,805,14
639386,12.9263,77.6857562,4,806,14
640386,12.9263152,77.6857565,4,807,14
641386,12.9263218,77.6857574,3,806,14
642386,12.9263296,77.685759,4,805,14
643385,12.9263416,77.6857623,4,805,14
644385,12.9263567,77.6857668,4,806,14
645386,12.9263701,77.6857692,4,805,14
646386,12.9263844,77.6857691,4,805,14
647386,12.9264004,77.6857662,4,804,32
648386,12.9264133,77.6857611,5,804,32
649436,12.9264278,77.6857548,5,805,32
650436,12.9264413,77.6857462,4,805,32
651435,12.9264546,77.6857423,4,804,32
652435,12.9264701,77.6857388,4,804,32
653442,12.9264829,77.6857381,4,804,32
654485,12.9264957,77.6857377,4,803,32
655488,12.9265073,77.685739,4,803,32
656488,12.9265175,77.6857422,4,804,32
657487,12.9265261,77.6857453,5,805,32
658517,12.9265333,77.6857496,5,805,32
659490,12.9265446,77.6857558,5,804,32
660488,12.9265564,77.6857616,6,806,32
661488,12.9265692,77.6857701,6,805,32
662489,12.9265794,77.6857746,5,805,32
663488,12.926585,77.6857774,4,804,32
664538,12.9265933,77.6857796,4,804,11
665537,12.9266034,77.6857761,3,802,11
666537,12.9266179,77.6857726,3,802,11
667537,12.9266332,77.6857684,3,802,11
668538,12.9266464,77.6857638,3,801,11
669537,12.9266607,77.6857588,3,801,11
670538,12.9266761,77.6857519,3,801,11
671537,12.9266878,77.6857469,4,802,11
672539,12.9266988,77.6857439,5,802,11
673539,12.9267143,77.685747,5,803,11
674538,12.9267259,77.6857524,6,803,11
675538,12.9267406,77.6857611,5,804,13
676537,12.9267594,77.6857672,6,804,13
677539,12.9267749,77.6857682,6,803,13
678588,12.9267905,77.6857691,6,805,13
679592,12.9268065,77.6857678,6,805,13
680589,12.9268223,77.6857684,6,806,13
681637,12.9268419,77.685764,5,806,13
682667,12.926849,77.685753,5,805,13
683638,12.9268623,77.6857429,5,806,13
684638,12.9268781,77.6857348,5,806,13
685688,12.9268939,77.6857226,5,804,45
686688,12.9269082,77.6857141,5,804,45
687738,12.9269128,77.6857088,4,804,45
688737,12.9269187,77.6857072,5,803,45
689738,12.9269247,77.6857027,4,801,45
690738,12.926934,77.6856997,4,803,45
691737,12.9269359,77.6856986,4,802,45
692738,12.9269478,77.6856941,4,802,35
693739,12.9269632,77.6856877,4,802,35
694771,12.9269756,77.6856827,4,802,35
695739,12.9269853,77.6856756,4,799,35
696738,12.9269987,77.6856656,4,798,35
697788,12.927011,77.6856546,5,798,35
698786,12.9270198,77.6856435,4,799,35
699788,12.9270291,77.6856302,4,799,35
700788,12.9270432,77.6856153,4,799,35
701838,12.9270594,77.6856039,4,798,35
702868,12.9270757,77.6855956,4,799,35
703837,12.9270846,77.6855884,4,797,35
704838,12.9270877,77.6855835,3,796,35
705839,12.9270944,77.6855782,4,796,35
706918,12.9270984,77.6855722,4,795,35
707889,12.927097,77.6855706,3,794,35
708938,12.9270954,77.6855717,4,794,35
709988,12.9270964,77.6855685,3,793,35
711016,12.9271,77.6855641,3,793,35
712043,12.9271047,77.6855574,4,793,35
713087,12.9271132,77.685548,3,793,35
714089,12.9271228,77.6855363,4,793,35
715117,12.9271312,77.6855298,3,794,35
716089,12.9271393,77.6855239,3,792,35
717138,12.9271521,77.685516,3,793,35
718189,12.9271656,77.6855074,3,793,35
719188,12.9271804,77.6854988,3,793,35
720188,12.9271914,77.6854901,3,792,35
721190,12.9272014,77.6854828,3,793,15
722189,12.9272125,77.6854755,3,793,15
723188,12.9272208,77.6854689,4,793,15
724189,12.9272307,77.6854624,4,794,15
725237,12.9272404,77.6854539,4,795,15
726239,12.9272486,77.6854418,4,795,15
727269,12.9272562,77.6854257,4,795,15
728288,12.9272629,77.685409,9,795,15
729287,12.9272664,77.6853947,9,794,15
730288,12.9272654,77.6853814,9,794,15
731365,12.9272634,77.6853741,9,794,15
732339,12.927266,77.6853676,9,794,15
733388,12.9272732,77.6853586,9,796,15
734388,12.9272833,77.6853494,9,795,15
735387,12.9272942,77.6853376,9,796,15
736387,12.9273056,77.685325,9,796,15
737388,12.9273193,77.6853128,9,797,15
738388,12.9273318,77.6853005,9,798,15
739438,12.9273457,77.6852922,9,798,15
740438,12.9273576,77.6852849,10,799,15
741438,12.9273614,77.6852796,9,800,15
742438,12.9273587,77.6852737,9,801,15
743470,12.9273538,77.6852708,9,801,15
744438,12.9273474,77.6852679,10,799,15
745438,12.9273411,77.6852613,10,800,15
746437,12.9273404,77.6852521,10,800,15
747467,12.9273488,77.6852348,10,800,15
748438,12.927356,77.6852219,10,800,15
749488,12.9273592,77.6852172,10,799,15
750538,12.9273606,77.6852133,10,799,15
751568,12.9273624,77.6852061,10,798,15
752538,12.9273609,77.6851925,10,798,15
753538,12.9273588,77.6851777,10,800,15
754539,12.9273582,77.6851686,10,800,26
755588,12.927359,77.6851615,10,799,26
756587,12.9273604,77.6851534,10,800,26
757587,12.9273653,77.6851429,11,800,21
758589,12.9273775,77.6851244,11,806,27
759624,12.9273888,77.6851032,11,805,50
760588,12.9273988,77.6850851,10,804,50
761638,12.927424,77.6850485,11,805,50
762688,12.9274377,77.6850299,10,806,50
763689,12.9274493,77.6850166,10,804,50
764738,12.9274608,77.6850032,10,803,50
765787,12.9274764,77.6849882,10,802,50
766788,12.9274879,77.684982,10,802,50
767787,12.9274905,77.6849839,10,801,21
768788,12.9274895,77.6849851,10,800,16
769787,12.927489,77.6849863,10,800,16
770788,12.9274932,77.6849863,10,799,15
771788,12.9274871,77.684982,10,800,18
772788,12.9274887,77.6849709,10,800,12
773789,12.9274811,77.6849599,10,800,19
774838,12.9274768,77.6849484,10,802,29
775838,12.9274831,77.684933,10,804,29
776839,12.9274946,77.6849172,10,803,24
777888,12.9275099,77.6849032,10,803,20
778888,12.9275216,77.6848926,10,801,20
779888,12.9275278,77.684883,10,802,20
780945,12.9275316,77.6848729,10,802,17
781938,12.9275328,77.684863,10,802,17
782938,12.9275344,77.684855,10,800,21
783939,12.9275405,77.6848463,10,799,18
784939,12.9275471,77.6848375,10,798,23
785989,12.9275606,77.6848299,10,799,22
786990,12.927572,77.6848245,10,796,18
788067,12.9275868,77.68482,10,798,16
789037,12.927601,77.684814,10,799,14
790038,12.927606,77.6848101,10,798,14
791088,12.9276109,77.6848072,10,798,14
792119,12.9276184,77.6848043,10,799,14
793088,12.9276244,77.6848033,9,799,14
794088,12.9276301,77.6847939,9,799,14
795088,12.9276345,77.6847837,9,800,14
796120,12.9276385,77.6847745,9,799,14
797087,12.9276439,77.6847651,9,799,14
798088,12.9276498,77.684757,9,799,32
799088,12.9276593,77.6847541,9,799,32
800088,12.9276676,77.6847494,9,799,32
801088,12.9276779,77.6847444,9,799,32
802137,12.9276885,77.6847392,9,798,32
803137,12.927698,77.6847352,10,799,32
804170,12.9277098,77.6847332,9,801,32
805139,12.9277257,77.684731,9,801,32
806139,12.9277424,77.6847274,9,801,32
807138,12.92776,77.6847218,9,801,32
808169,12.9277799,77.6847152,9,802,32
809189,12.9277969,77.6847097,9,802,32
810237,12.9278131,77.684704,9,802,32
811239,12.9278296,77.6846968,9,803,32
812316,12.9278425,77.6846935,9,804,32
813288,12.9278578,77.6846912,9,805,32
814337,12.9278749,77.6846885,9,805,32
815338,12.927892,77.6846872,9,805,11
816369,12.9279052,77.684688,9,805,11
817338,12.9279207,77.6846895,9,806,11
818338,12.9279378,77.6846918,9,807,11
819339,12.9279535,77.6846922,10,807,11
820388,12.9279678,77.6846917,9,806,11
821389,12.9279806,77.6846927,9,806,11
822389,12.9279897,77.6846962,9,807,11
823388,12.9280046,77.6847004,9,806,11
824419,12.9280211,77.6847025,10,806,11
825437,12.9280342,77.6847046,10,807,11
826439,12.9280496,77.6847087,10,807,13
827488,12.9280646,77.6847169,10,807,13
828537,12.9280742,77.6847258,10,807,13
829539,12.9280893,77.684734,10,806,13
830538,12.9281092,77.6847396,10,805,13
831587,12.9281248,77.6847446,10,804,13
832588,12.9281377,77.6847413,10,804,13
833589,12.9281442,77.6847433,11,803,13
834589,12.9281522,77.6847361,11,802,13
835636,12.9281814,77.6847265,11,803,13
836638,12.9281983,77.6847107,11,803,45
837637,12.9282118,77.6847002,10,804,45
838637,12.9282246,77.6846945,10,804,45
839637,12.928236,77.6846873,10,805,45
840637,12.9282463,77.6846752,10,804,45
841638,12.9282586,77.684659,10,805,45
842638,12.9282653,77.6846432,10,803,45
843638,12.928269,77.6846363,10,804,35
844701,12.9282756,77.6846353,10,805,35
845689,12.9282839,77.6846355,10,804,35
846689,12.9282898,77.6846336,10,803,35
847688,12.928297,77.684628,10,802,35
848720,12.9283007,77.6846226,10,802,35
849689,12.9282994,77.6846162,10,802,35
850686,12.9283008,77.6846077,10,803,35
851740,12.9283021,77.6845997,10,801,35
852770,12.9283019,77.6845909,10,801,35
853739,12.9283038,77.6845818,11,801,35
854788,12.9283049,77.6845771,12,800,35
855789,12.9283109,77.6845723,12,801,35
856866,12.9283221,77.6845623,12,802,35
857889,12.9283289,77.6845555,13,802,35
858939,12.9283339,77.6845624,13,802,35
859938,12.9283339,77.684561,13,802,35
860939,12.9283351,77.6845668,13,803,35
861939,12.9283371,77.6845739,13,802,35
862989,12.9283457,77.6845854,12,803,35
863989,12.92836,77.6845973,13,802,35
864989,12.9283755,77.6846127,13,802,35
866040,12.9283931,77.6846365,12,803,35
867039,12.9284118,77.6846594,12,802,35
868039,12.9284319,77.6846831,11,804,35
869077,12.9284511,77.6847008,11,804,35
870039,12.9284711,77.6847127,11,805,35
871039,12.9284926,77.6847208,11,806,35
872039,12.9285139,77.6847332,10,808,15
873039,12.9285331,77.6847451,10,809,15
874040,12.928552,77.6847548,10,809,15
875039,12.928568,77.6847614,10,809,15
876039,12.928581,77.6847647,10,809,15
877067,12.928593,77.6847693,10,810,15
878039,12.9286067,77.6847696,10,810,15
879038,12.9286187,77.6847693,10,810,15
880039,12.9286309,77.6847651,10,809,15
881040,12.9286429,77.6847597,10,810,15
882092,12.9286566,77.6847557,11,809,15
883142,12.9286676,77.6847545,11,810,15
884139,12.9286789,77.6847511,11,809,15
885188,12.9286927,77.6847424,11,808,15
886189,12.9287062,77.6847272,11,807,15
887239,12.9287225,77.6847149,11,807,15
888240,12.928738,77.6847042,11,807,15
889288,12.9287541,77.6846999,11,806,15
890340,12.9287685,77.6846972,11,807,15
891388,12.9287802,77.6846952,10,808,15
892388,12.9287918,77.6846963,10,808,15
893397,12.9288048,77.6846994,10,806,15
894439,12.928817,77.6847038,10,806,15
895489,12.9288279,77.684707,10,806,15
896488,12.9288327,77.684707,10,804,15
897488,12.9288347,77.684704,10,803,15
898490,12.9288391,77.6846987,10,804,15
899489,12.9288439,77.6847069,10,804,15
900490,12.9288461,77.6847127,10,804,15
901539,12.9288497,77.6847157,10,804,15
902588,12.9288548,77.6847175,10,805,15
903592,12.9288591,77.6847183,10,805,15
904637,12.9288753,77.6847209,10,805,26
905637,12.928886,77.6847163,10,807,26
906687,12.9289019,77.6847142,10,808,26
907689,12.9289167,77.6847142,10,808,21
908738,12.9289323,77.6847183,10,808,27
909789,12.9289512,77.6847237,10,808,50
910789,12.9289721,77.6847271,10,807,50
911837,12.9289914,77.6847278,10,808,50
912838,12.9290133,77.6847322,10,807,50
913871,12.9290354,77.6847325,9,806,50
914838,12.9290545,77.6847284,10,806,50
915840,12.9290722,77.6847234,10,806,50
916889,12.9290914,77.6847195,10,806,50
917888,12.9291129,77.6847164,10,806,21
918889,12.9291311,77.6847126,10,806,16
919940,12.9291459,77.68471,10,806,16
920938,12.9291589,77.6847073,10,806,15
921940,12.9291719,77.6847021,10,806,18
922939,12.9291797,77.684699,10,805,12
923939,12.9291879,77.6846932,10,806,19
924987,12.9291964,77.6846879,10,805,29
925990,12.9292047,77.6846861,11,806,29
926992,12.9292099,77.6846838,11,807,24
928040,12.9292147,77.6846842,11,807,20
929039,12.9292252,77.6846962,11,807,20
930066,12.9292308,77.6847039,10,806,20
931040,12.9292396,77.6846999,10,806,17
932040,12.9292556,77.6846971,10,808,17
933091,12.9292699,77.6846956,10,807,21
934138,12.929285,77.6847008,10,808,18
935140,12.9292961,77.6847082,10,807,23
936138,12.9293047,77.6847134,10,807,22
937188,12.9293103,77.6847151,10,807,18
938219,12.9293184,77.6847138,10,807,16
939238,12.9293294,77.684701,10,806,14
940239,12.9293422,77.6846814,10,806,14
941238,12.9293514,77.6846721,10,806,14
942240,12.9293605,77.6846673,10,806,14
943288,12.929371,77.6846637,10,806,14
944288,12.929381,77.6846654,9,807,14
945291,12.9293919,77.6846648,9,805,14
946361,12.9294036,77.684665,9,804,14
947338,12.9294118,77.6846621,9,806,14
948388,12.9294188,77.6846574,3,806,32
949389,12.929431,77.6846566,3,805,32
950389,12.9294457,77.6846555,3,804,32
951388,12.9294576,77.6846514,3,805,32
952388,12.9294636,77.6846469,3,805,32
953384,12.929468,77.6846428,3,806,32
954391,12.9294741,77.6846384,3,805,32
955440,12.9294824,77.684633,3,804,32
956488,12.9294905,77.6846274,3,804,32
957488,12.9294975,77.6846228,3,804,32
958539,12.9295015,77.6846184,3,803,32
959539,12.9295034,77.6846124,3,803,32
960539,12.9295038,77.684602,3,804,32
961538,12.9295021,77.6845899,3,804,32
962539,12.9294996,77.6845778,3,803,32
963539,12.9294953,77.6845677,3,803,32
964539,12.9294909,77.6845604,3,802,32
965589,12.9294843,77.6845544,3,802,11
966588,12.9294767,77.6845483,3,802,11
967591,12.9294682,77.6845424,3,803,11
968592,12.9294605,77.6845363,3,803,11
969637,12.9294514,77.6845245,3,803,11
970639,12.9294474,77.6845181,3,802,11
971638,12.929444,77.6845088,3,803,11
972688,12.9294396,77.6844967,3,803,11
973738,12.929436,77.6844875,3,803,11
974788,12.9294337,77.6844795,3,803,11
975789,12.9294307,77.6844707,3,803,11
976838,12.929428,77.684463,3,802,13
977889,12.9294248,77.6844549,3,803,13
978917,12.9294183,77.6844417,3,803,13
979940,12.9294128,77.6844292,3,803,13
980989,12.9294088,77.6844209,3,803,13
981989,12.9294048,77.6844138,3,804,13
983017,12.9293987,77.6844047,3,804,13
984040,12.9293906,77.6843916,3,804,13
985038,12.9293828,77.6843818,3,804,13
986038,12.9293733,77.6843757,3,805,13
987118,12.9293641,77.6843684,3,805,45
988140,12.9293574,77.6843625,3,806,45
989139,12.9293531,77.6843567,3,805,45
990140,12.929346,77.6843486,3,805,45
991139,12.9293364,77.6843386,3,805,45
992139,12.9293254,77.6843299,3,805,45
993140,12.9293174,77.6843217,3,805,45
994187,12.9293101,77.6843177,3,804,35
995188,12.9293062,77.6843157,3,804,35
996189,12.9293016,77.6843127,3,803,35
997238,12.9292973,77.6843078,3,802,35
998238,12.929293,77.6843007,3,802,35
999264,12.9292905,77.6842948,3,802,35
1000239,12.9292869,77.6842872,3,801,35
1001289,12.9292816,77.6842768,3,801,35
1002289,12.9292792,77.6842646,3,801,35
1003319,12.9292782,77.6842548,3,801,35
1004291,12.9292773,77.6842453,4,801,35
1005338,12.9292756,77.6842378,4,801,35
1006339,12.929273,77.684236,4,801,35
1007339,12.929267,77.6842329,4,802,35
1008340,12.9292627,77.6842301,4,801,35
1009386,12.9292618,77.6842241,5,801,35
1010438,12.9292642,77.6842127,4,801,35
1011443,12.9292683,77.6842003,5,800,35
1012440,12.9292742,77.68419,4,800,35
1013491,12.9292811,77.684179,4,799,35
1014539,12.9292859,77.6841662,4,801,35
1015588,12.929292,77.6841527,4,801,35
1016637,12.9293026,77.6841166,4,802,35
1017639,12.9293102,77.6841014,4,800,35
1018690,12.9293051,77.6840901,5,801,35
1019715,12.9292929,77.6840817,5,802,35
1020739,12.9292865,77.6840725,4,802,35
1021790,12.9292792,77.6840629,3,803,35
1022789,12.9292752,77.6840477,3,804,15
1023839,12.9292691,77.6840323,3,803,15
1024841,12.9292648,77.6840199,3,802,15
1025889,12.9292597,77.6840086,4,801,15
1026889,12.9292563,77.684,3,801,15
1027918,12.9292531,77.6839907,4,800,15
1028940,12.9292508,77.6839827,3,800,15
1029939,12.929249,77.6839774,4,801,15
1030989,12.9292474,77.6839697,3,800,15
1032017,12.9292457,77.6839643,3,799,15
1033039,12.9292469,77.6839546,3,800,15
1034089,12.9292478,77.6839389,3,800,15
1035090,12.9292451,77.6839302,3,799,15
1036115,12.9292401,77.6839221,3,800,15
1037136,12.9292324,77.683916,4,800,15
1038188,12.9292236,77.6839117,4,799,15
1039188,12.9292127,77.6839056,3,799,15
1040192,12.9292007,77.6838931,4,799,15
1041238,12.9291929,77.6838816,3,799,15
1042287,12.9291857,77.6838708,3,798,15
1043288,12.9291768,77.68386,3,797,15
1044292,12.9291711,77.6838487,3,796,15
1045289,12.9291676,77.6838415,3,798,15
1046338,12.9291647,77.6838359,3,798,15
1047388,12.9291569,77.6838276,4,798,15
1048389,12.9291475,77.6838166,4,798,15
1049389,12.9291416,77.6837998,5,799,15
1050438,12.9291342,77.6837767,4,799,15
1051488,12.9291287,77.6837578,4,798,15
1052490,12.9291249,77.6837477,3,798,15
1053538,12.9291219,77.6837413,3,797,15
1054588,12.9291178,77.6837349,4,797,15
1055589,12.9291124,77.6837249,4,796,15
1056638,12.9290896,77.683719,5,795,26
1057637,12.9290817,77.6837132,4,796,26
1058637,12.929067,77.6837092,4,795,26
1059637,12.9290541,77.6837063,4,794,21
1060667,12.9290427,77.6837046,4,795,27
1061688,12.9290288,77.6837013,4,794,50
1062686,12.9290174,77.6836926,4,795,50
1063690,12.9290105,77.6836797,4,796,50
1064688,12.9290081,77.6836693,3,795,50
1065688,12.9290098,77.6836571,3,795,50
1066738,12.9290123,77.6836447,3,795,50
1067738,12.9290138,77.6836308,3,794,50
1068821,12.9290109,77.6836181,3,793,50
1069839,12.9290059,77.6836057,4,793,21
1070838,12.9290018,77.6835906,4,793,16
1071889,12.9289963,77.6835695,5,793,16
1072888,12.9289954,77.6835509,5,793,15
1073939,12.9289895,77.6835369,5,793,18
1074988,12.9289838,77.6835236,4,794,12
1075989,12.9289801,77.6835072,10,795,19
1076989,12.9289776,77.6834917,10,795,29
1078039,12.9289762,77.6834784,9,795,29
1079038,12.9289748,77.6834678,9,795,24
1080039,12.9289701,77.6834562,10,795,20
1081039,12.9289577,77.6834462,9,794,20
1082040,12.928943,77.683433,9,794,20
1083038,12.9289323,77.6834208,9,794,17
1084039,12.9289261,77.6834126,9,794,17
1085038,12.9289235,77.6834038,9,793,21
1086038,12.9289193,77.6833896,9,794,18
1087038,12.928916,77.6833799,9,795,23
1088039,12.9289122,77.6833754,10,795,22
1089039,12.9289089,77.6833657,9,796,18
1090039,12.9289067,77.6833524,9,796,16
1091039,12.9289066,77.6833391,10,796,14
1092089,12.928909,77.683331,10,796,14
1093169,12.9289062,77.6833227,9,795,14
1094190,12.9288999,77.6833154,9,796,14
1095188,12.9288954,77.6833091,4,797,14
1096188,12.9288921,77.6832996,4,797,14
1097220,12.9288861,77.6832867,4,796,14
1098239,12.9288795,77.6832747,4,796,14
1099240,12.9288676,77.6832691,4,797,14
1100239,12.9288591,77.6832676,4,797,32
1101271,12.9288533,77.683265,4,796,32
1102239,12.9288499,77.6832581,4,797,32
1103249,12.9288469,77.6832488,4,796,32
1104288,12.9288483,77.68324,4,796,32
1105289,12.9288529,77.6832311,4,796,32
1106341,12.9288541,77.6832167,4,796,32
1107340,12.9288547,77.6832029,4,797,32
1108388,12.9288535,77.6831943,3,796,32
1109390,12.9288526,77.6831889,3,795,32
1110440,12.9288536,77.6831818,3,796,32
1111489,12.9288504,77.6831729,3,796,32
1112538,12.9288445,77.6831633,3,795,32
1113540,12.9288339,77.6831493,4,796,32
1114535,12.9288244,77.6831335,3,796,32
1115538,12.9288191,77.683118,3,796,32
1116590,12.9288146,77.6831023,3,795,32
1117592,12.9288115,77.6830896,3,795,11
1118637,12.9288122,77.6830719,3,796,11
1119637,12.9288121,77.6830627,3,797,11
1120637,12.9288114,77.6830514,3,797,11
1121670,12.9288101,77.6830424,3,798,11
1122637,12.9288083,77.6830375,3,798,11
1123637,12.9288057,77.683033,3,798,11
1124639,12.9288018,77.683028,4,798,11
1125638,12.9287989,77.6830174,3,798,11
1126693,12.9287971,77.6830066,4,798,11
1127689,12.9287964,77.6830022,4,797,11
1128739,12.9287946,77.6829995,4,796,13
1129788,12.9287943,77.6829956,3,796,13
1130788,12.9287936,77.6829878,3,794,13
1131838,12.928792,77.6829801,3,795,13
1132840,12.9287868,77.6829724,3,794,13
1133889,12.9287787,77.682965,3,795,13
1134939,12.9287722,77.6829619,3,795,13
1135940,12.9287671,77.6829614,3,796,13
1136987,12.9287597,77.6829587,3,795,13
1137988,12.9287508,77.682955,3,796,13
1138989,12.9287432,77.6829464,3,796,45
1139989,12.9287389,77.6829372,3,796,45
1141038,12.9287421,77.6829332,3,796,45
1142038,12.9287437,77.6829326,3,796,45
1143039,12.9287454,77.6829316,3,796,45
1144089,12.9287453,77.682921,3,796,45
1145090,12.9287412,77.6829076,3,797,45
1146139,12.9287374,77.6829002,3,795,35
1147139,12.9287337,77.6828941,3,795,35
1148140,12.9287291,77.6828862,3,795,35
1149139,12.9287266,77.68288,3,796,35
1150139,12.9287244,77.6828737,3,796,35
1151140,12.9287204,77.6828623,3,797,35
1152139,12.9287164,77.6828505,3,797,35
1153186,12.9287132,77.6828413,3,797,35
1154239,12.9287075,77.6828299,3,797,35
1155235,12.9286976,77.6828148,3,798,35
1156284,12.9286858,77.6828008,3,798,35
1157290,12.9286759,77.682789,3,799,35
1158368,12.9286668,77.6827773,3,798,35
1159339,12.9286534,77.6827667,3,798,35
1160388,12.9286434,77.682756,3,798,35
1161387,12.9286355,77.6827469,3,797,35
1162389,12.9286275,77.6827398,3,797,35
1163389,12.928618,77.6827329,3,797,35
1164387,12.9286096,77.6827262,3,797,35
1165388,12.9286048,77.6827187,3,797,35
1166403,12.9285977,77.6827124,3,796,35
1167439,12.9285905,77.6827069,3,796,35
1168440,12.9285828,77.6827004,3,796,35
1169490,12.9285729,77.6826939,3,796,35
1170521,12.9285658,77.6826843,3,797,35
1171487,12.92856,77.6826761,3,797,35
1172488,12.9285545,77.6826692,3,797,35
1173489,12.9285494,77.6826628,4,797,35
1174521,12.9285456,77.6826541,4,798,15
1175538,12.9285442,77.6826438,4,798,15
1176589,12.9285441,77.6826321,4,798,15
1177588,12.9285464,77.6826234,4,798,15
1178636,12.9285439,77.682614,5,797,15
1179641,12.9285429,77.682603,5,798,15
1180638,12.9285421,77.6825923,5,798,15
1181689,12.9285424,77.6825791,5,798,15
1182687,12.9285401,77.6825646,5,797,15
1183738,12.9285366,77.6825523,4,797,15
1184739,12.9285279,77.6825402,4,797,15
1185738,12.9285187,77.6825315,4,797,15
1186775,12.9285109,77.6825236,4,797,15
1187740,12.9285045,77.6825177,4,796,15
1188739,12.9285034,77.6825136,4,796,15
1189789,12.9285035,77.6825037,4,797,15
1190820,12.9285046,77.6824901,4,796,15
1191788,12.9285043,77.6824734,4,797,15
1192789,12.9285034,77.6824577,4,797,15
1193789,12.9285011,77.6824465,3,797,15
1194822,12.9284937,77.6824358,4,798,15
1195839,12.9284843,77.6824253,3,798,15
1196838,12.9284723,77.6824133,4,799,15
1197887,12.928462,77.6824025,4,798,15
1198888,12.9284547,77.682394,4,798,15
1199888,12.9284467,77.6823844,4,798,15
1200888,12.9284457,77.6823759,4,798,15
1201889,12.9284474,77.682368,4,799,15
1202919,12.9284502,77.6823569,4,798,15
1203889,12.92845,77.6823479,4,797,15
1204888,12.9284437,77.6823384,4,798,15
1205887,12.9284337,77.682327,4,798,15
1206889,12.9284277,77.6823201,4,797,15
1207888,12.9284234,77.6823165,4,797,26
1208889,12.9284171,77.6823135,10,796,26
1209888,12.9284105,77.6823062,9,796,26
1210938,12.9284048,77.6822978,9,797,21
1211939,12.9283996,77.6822898,9,797,27
1212938,12.928396,77.6822823,9,796,50
1213938,12.9283924,77.6822742,9,797,50
1214989,12.9283858,77.682264,9,797,50
1216036,12.9283813,77.6822558,9,797,50
1217034,12.9283786,77.682245,9,796,50
1218037,12.9283758,77.6822347,9,797,50
1219065,12.928372,77.6822267,9,797,50
1220088,12.9283632,77.6822221,9,797,50
1221088,12.9283506,77.6822175,9,797,21
1222089,12.9283362,77.6822105,9,797,16
1223121,12.9283234,77.6822004,9,796,16
1224138,12.9283154,77.6821835,9,797,15
1225189,12.9283102,77.6821678,9,797,18
1226189,12.9283083,77.6821533,9,797,12
1227189,12.9283116,77.6821388,9,796,19
1228237,12.9283145,77.6821301,9,796,29
1229240,12.9283164,77.682123,9,795,29
1230238,12.9283155,77.6821144,9,795,24
1231238,12.9283112,77.6821031,9,794,20
1232293,12.9283047,77.6820874,9,794,20
1233288,12.9282976,77.6820733,9,792,20
1234289,12.9282913,77.6820606,9,794,17
1235339,12.9282818,77.6820464,9,793,17
1236339,12.9282732,77.682031,9,793,21
1237387,12.9282663,77.6820138,9,793,18
1238387,12.9282658,77.6819987,9,794,23
1239421,12.9282673,77.6819894,9,794,22
1240437,12.9282686,77.6819795,9,793,18
1241438,12.9282701,77.6819706,9,793,16
1242438,12.9282698,77.6819636,9,793,14
1243437,12.9282709,77.6819583,9,793,14
1244488,12.9282714,77.6819522,9,793,14
1245489,12.9282667,77.6819421,9,793,14
1246489,12.9282588,77.6819288,9,793,14
1247570,12.9282483,77.6819146,9,794,14
1248588,12.928237,77.6819,9,793,14
1249587,12.9282284,77.6818885,9,793,14
1250589,12.9282223,77.6818797,9,793,14
1251588,12.9282095,77.6818684,10,793,32
1252589,12.9281992,77.6818508,9,795,32
1253638,12.9281899,77.6818186,9,793,32
1254637,12.9281903,77.681796,9,795,32
1255638,12.9281907,77.6817744,9,796,32
1256693,12.9281929,77.6817563,9,796,32
1257687,12.9281923,77.6817449,10,797,32
1258687,12.928185,77.681737,10,796,32
1259685,12.9281756,77.6817268,10,796,32
1260685,12.9281693,77.6817164,9,795,32
1261685,12.9281661,77.6817082,9,796,32
1262693,12.9281604,77.6816997,10,796,32
1263738,12.9281475,77.6816953,10,796,32
1264738,12.9281292,77.6816906,9,796,32
1265740,12.9281181,77.6816863,9,796,32
1266789,12.9281053,77.6816823,9,796,32
1267788,12.9280934,77.6816761,9,797,32
1268839,12.9280796,77.6816717,9,797,11
1269838,12.9280687,77.6816685,9,795,11
1270887,12.9280611,77.6816642,9,795,11
1271920,12.9280562,77.6816581,9,796,11
1272889,12.9280531,77.681656,9,795,11
1273889,12.9280492,77.6816537,9,797,11
1274888,12.9280424,77.6816472,9,795,11
1275938,12.9280368,77.6816331,10,794,11
1276938,12.9280342,77.6816136,10,795,11
1277938,12.9280332,77.6815933,10,795,11
1278938,12.9280344,77.6815778,9,796,11
1279939,12.9280338,77.6815626,9,795,13
1280987,12.928029,77.6815443,9,796,13
1281988,12.9280235,77.681524,9,797,13
1282988,12.9280168,77.6815122,9,798,13
1283988,12.9280102,77.681504,9,798,13
1285038,12.9280034,77.6814928,9,800,13
1286036,12.927996,77.6814817,9,801,13
1287084,12.9279919,77.6814694,10,801,13
1288088,12.9279879,77.6814537,9,801,13
1289088,12.9279837,77.681438,9,800,13
1290090,12.9279784,77.6814228,9,797,45
1291086,12.9279717,77.6814074,10,798,45
1292168,12.9279648,77.6813955,9,799,45
1293141,12.927959,77.6813863,9,799,45
1294138,12.9279524,77.6813788,9,801,45
1295140,12.9279435,77.6813723,9,801,45
1296169,12.9279348,77.6813685,9,801,45
1297188,12.9279283,77.6813655,9,801,35
1298187,12.9279254,77.6813603,4,801,35
1299188,12.927921,77.6813539,4,802,35
1300192,12.9279155,77.6813473,5,801,35
1301189,12.9279081,77.6813433,5,800,35
1302234,12.9278976,77.6813401,4,801,35
1303235,12.9278885,77.681338,5,801,35
1304266,12.9278833,77.6813346,5,802,35
1305238,12.9278839,77.6813277,4,804,35
1306238,12.9278903,77.6813162,4,804,35
1307238,12.9278959,77.681301,4,804,35
1308241,12.9278992,77.681289,5,805,35
1309289,12.9279029,77.6812758,4,806,35
1310288,12.9279047,77.6812584,4,806,35
1311339,12.9279043,77.6812423,3,808,35
1312388,12.9279021,77.6812259,3,808,35
1313388,12.9278984,77.6812099,3,808,35
1314387,12.9278959,77.6811974,3,808,35
1315389,12.9278927,77.6811882,3,807,35
1316388,12.9278917,77.6811786,3,807,35
1317436,12.9278926,77.6811658,3,807,35
1318484,12.9278912,77.6811529,3,808,35
1319487,12.9278905,77.6811441,3,809,35
1320485,12.9278874,77.6811348,3,809,35
1321491,12.9278894,77.6811235,3,807,35
1322539,12.9278933,77.6811115,3,807,35
1323538,12.9278949,77.6811002,4,807,35
1324538,12.9278949,77.6810937,4,807,35
1325539,12.9278945,77.6810885,4,806,15
1326588,12.9278893,77.6810846,4,804,15
1327587,12.9278832,77.6810819,4,805,15
1328624,12.9278774,77.6810807,4,804,15
1329590,12.9278727,77.6810824,5,803,15
1330589,12.9278682,77.6810894,5,803,15
1331591,12.9278669,77.6810946,4,803,15
1332618,12.9278682,77.6810977,4,803,15
1333595,12.9278671,77.6810992,4,803,15
1334587,12.9278658,77.6811002,4,803,15
1335590,12.9278622,77.6811026,4,804,15
1336620,12.9278612,77.6811037,4,804,15
1337587,12.9278605,77.6811038,4,804,15
1338589,12.9278607,77.6811055,4,804,15
1339588,12.9278608,77.6811063,4,804,15
1340635,12.9278637,77.6811085,4,805,15
1341638,12.9278691,77.6811043,4,805,15
1342638,12.9278681,77.6810979,4,805,15
1343688,12.9278654,77.6810899,4,805,15
1344736,12.9278597,77.6810762,4,804,15
1345788,12.9278554,77.6810596,4,803,15
1346788,12.9278528,77.6810423,4,803,15
1347788,12.9278478,77.6810236,3,803,15
1348821,12.9278415,77.6810076,3,802,15
1349839,12.9278354,77.6809913,3,804,15
1350837,12.927831,77.6809721,3,803,15
1351838,12.9278259,77.6809536,3,803,15
1352871,12.9278197,77.6809339,3,804,15
1353839,12.9278131,77.6809194,3,803,15
1354838,12.9278044,77.6809078,4,804,15
1355887,12.9277943,77.6808961,3,804,15
1356921,12.9277838,77.6808844,3,805,15
1357889,12.9277756,77.6808711,3,804,15
1358888,12.9277673,77.6808585,3,804,26
1359938,12.927758,77.6808471,3,803,26
1360990,12.9277501,77.6808354,3,803,26
1361988,12.9277434,77.680825,3,802,21
1362989,12.9277386,77.6808143,3,802,27
1363989,12.9277344,77.6808038,3,801,50
1364989,12.9277299,77.680794,3,801,50
1366038,12.9277276,77.680786,3,801,50
1367089,12.9277266,77.6807773,3,801,50
1368138,12.9277263,77.6807707,3,801,50
1369138,12.9277272,77.6807662,3,801,50
1370140,12.9277267,77.6807596,3,802,50
1371188,12.9277226,77.6807506,3,802,50
1372189,12.9277192,77.6807519,3,802,21
1373238,12.9277168,77.6807551,3,802,16
1374238,12.9277149,77.6807527,3,803,16
1375288,12.9277142,77.6807521,3,803,15
1376288,12.9277159,77.6807436,3,802,18
1377319,12.9277181,77.6807276,3,801,12
1378285,12.9277197,77.6807102,3,801,19
1379287,12.9277178,77.6806988,3,799,29
1380288,12.9277115,77.6806938,3,799,29
1381322,12.9277063,77.6806873,3,799,24
1382337,12.9277013,77.6806803,3,800,20
1383338,12.9276989,77.680677,3,801,20
1384386,12.9276963,77.680676,3,801,20
1385387,12.9276947,77.680676,3,800,17
1386389,12.9276934,77.6806761,3,800,17
1387438,12.9276916,77.680676,3,800,21
1388439,12.9276892,77.6806749,3,800,18
1389466,12.9276882,77.6806742,3,800,23
1390437,12.9276862,77.6806724,3,800,22
1391438,12.9276846,77.6806689,3,800,18
1392438,12.9276822,77.6806669,3,800,16
1393438,12.9276808,77.6806671,3,801,14
1394488,12.9276802,77.680666,3,800,14
1395487,12.9276824,77.6806608,3,801,14
1396488,12.9276836,77.6806598,3,799,14
1397488,12.9276837,77.6806592,3,799,14
1398488,12.9276846,77.6806581,3,798,14
1399488,12.9276844,77.6806583,3,799,14
1400488,12.9276846,77.6806586,3,798,14
1401523,12.9276847,77.6806594,3,798,14
1402489,12.9276842,77.6806595,3,798,32
1403488,12.9276835,77.680659,3,799,32
1404538,12.9276839,77.680658,3,799,32
1405574,12.9276821,77.6806566,3,799,32
1406538,12.9276806,77.6806568,3,798,32
1407537,12.9276789,77.6806539,3,798,32
1408538,12.9276755,77.680649,3,798,32
1409539,12.9276714,77.6806459,3,797,32
1410589,12.9276704,77.6806436,3,797,32
1411589,12.9276695,77.6806427,3,797,32
1412637,12.9276726,77.6806302,3,797,32
1413638,12.9276682,77.6806208,3,797,32
1414688,12.9276634,77.680614,3,797,32
1415688,12.9276553,77.6806108,3,797,32
1416688,12.9276471,77.6806082,3,797,32
1417706,12.9276411,77.6806015,3,799,32
1418685,12.9276353,77.6805925,3,798,32
1419688,12.9276326,77.6805836,3,798,11
1420688,12.9276233,77.6805778,3,798,11
1421688,12.9276081,77.6805753,3,799,11
1422688,12.9275975,77.680572,3,798,11
1423738,12.9275946,77.680569,3,799,11
1424787,12.9275938,77.6805597,3,799,11
1425822,12.9275944,77.6805464,4,799,11
1426790,12.9275931,77.6805359,4,800,11
1427789,12.927585,77.6805253,5,799,11
1428838,12.9275745,77.6805145,4,801,11
1429871,12.9275642,77.6805066,5,800,11
1430838,12.9275569,77.6804986,5,800,13
1431838,12.9275552,77.6804892,5,801,13
1432838,12.9275543,77.6804819,4,801,13
1433888,12.927555,77.680477,4,800,13
1434888,12.9275554,77.6804721,4,800,13
1435938,12.927552,77.6804647,4,799,13
1436938,12.9275476,77.6804561,4,798,13
1437972,12.9275424,77.6804454,3,799,13
1438938,12.9275363,77.6804361,4,798,13
1439940,12.9275318,77.6804268,3,799,13
1440989,12.9275286,77.680417,3,799,45
1442040,12.927524,77.6804095,3,797,45
1443088,12.9275124,77.6804009,3,797,45
1444137,12.9274988,77.680392,3,798,45
1445137,12.9274863,77.6803853,3,798,45
1446171,12.9274789,77.6803789,3,798,45
1447137,12.9274725,77.6803716,3,798,45
1448139,12.927465,77.6803626,3,797,35
1449138,12.9274544,77.6803537,3,797,35
1450221,12.9274444,77.6803443,3,797,35
1451189,12.9274356,77.6803353,3,798,35
1452189,12.9274285,77.680328,3,798,35
1453191,12.9274258,77.6803217,3,798,35
1454190,12.9274232,77.6803153,3,797,35
1455190,12.9274225,77.6803058,3,797,35
1456238,12.9274206,77.6802969,3,798,35
1457237,12.9274164,77.6802873,3,798,35
1458239,12.9274152,77.6802789,4,799,35
1459289,12.9274144,77.6802625,3,799,35
1460288,12.9274143,77.6802431,3,800,35
1461289,12.9274173,77.680227,3,801,35
1462322,12.9274201,77.6802135,3,801,35
1463289,12.9274188,77.680204,3,801,35
1464336,12.9274177,77.6801959,3,801,35
1465386,12.9274155,77.6801883,3,799,35
1466420,12.9274139,77.6801769,3,799,35
1467388,12.9274122,77.6801661,4,799,35
1468438,12.9274124,77.6801529,3,800,35
1469440,12.9274078,77.6801343,3,800,35
1470489,12.9274066,77.6801149,3,802,35
1471488,12.9274069,77.6801034,3,800,35
1472491,12.9274085,77.6800975,3,801,35
1473538,12.9274095,77.6800923,3,801,35
1474538,12.9274101,77.6800858,3,802,35
1475538,12.9274097,77.6800787,3,802,35
1476538,12.9274071,77.6800679,3,801,15
1477537,12.9274027,77.6800559,3,801,15
1478538,12.9273986,77.6800451,3,801,15
1479539,12.927396,77.6800332,3,801,15
1480588,12.9273947,77.6800242,4,802,15
1481587,12.927395,77.6800154,4,801,15
1482626,12.9273914,77.680007,4,801,15
1483589,12.9273876,77.6799984,4,801,15
1484636,12.9273767,77.6799779,3,801,15
1485638,12.9273709,77.6799652,3,801,15
1486723,12.9273644,77.6799535,3,801,15
1487687,12.9273575,77.6799434,3,802,15
1488685,12.9273516,77.6799369,3,800,15
1489688,12.9273473,77.679933,3,800,15
1490686,12.9273422,77.6799295,3,801,15
1491688,12.9273374,77.679924,3,801,15
1492687,12.9273322,77.6799147,3,801,15
1493689,12.9273266,77.679906,3,801,15
1494736,12.9273217,77.679895,3,801,15
1495787,12.9273154,77.6798829,3,801,15
1496788,12.9273104,77.6798728,3,800,15
1497787,12.9273069,77.6798626,3,802,15
1498789,12.927304,77.6798538,3,802,15
1499838,12.9273007,77.6798461,3,802,15
1500838,12.9272975,77.6798411,3,801,15
1501890,12.9272938,77.6798379,3,802,15
1502919,12.9272873,77.6798334,3,802,15
1503939,12.9272799,77.6798248,3,801,15
1504939,12.9272745,77.6798164,3,801,15
1505995,12.9272712,77.6798078,3,802,15
1507022,12.9272697,77.6797978,3,801,15
1508039,12.9272695,77.6797894,3,800,15
1509038,12.9272707,77.6797849,3,799,15
1510089,12.9272719,77.6797793,3,799,15
1511169,12.9272717,77.6797682,3,799,15
1512188,12.9272711,77.679759,3,799,15
1513189,12.9272702,77.6797492,3,800,15
1514239,12.9272673,77.6797423,3,800,15
1515265,12.9272634,77.6797388,3,799,15
1516241,12.9272591,77.6797341,3,799,15
1517289,12.927256,77.6797265,3,799,15
1518290,12.9272556,77.6797166,3,799,15
1519324,12.9272554,77.6797087,3,800,15
